city,country,date,lat,lon,max_temp,humidity,cloudiness,wind_speed
São Gabriel da Cachoeira,BR,1631344798,-0.1303,-67.0892,22.12,99,100,0.79
Rikitea,PF,1631344799,-23.1203,-134.9692,23.34,74,100,5.36
Ilulissat,GL,1631344800,69.2167,-51.1,-4.99,39,0,1.54
Ushuaia,AR,1631344801,-54.8,-68.3,2.81,87,20,1.54
Bredasdorp,ZA,1631344803,-34.5322,20.0403,12.62,94,100,0.51
Bafoulabé,ML,1631344804,13.8065,-10.8321,22.95,95,19,1.78
Marsaxlokk,MT,1631344805,35.8419,14.5431,27.34,89,20,1.03
Aklavik,CA,1631344806,68.2191,-135.0107,8.46,75,28,3.41
Sola,VU,1631344807,-13.8833,167.55,25.15,83,50,8.86
Cape Town,ZA,1631344664,-33.9258,18.4232,13.95,82,75,6.17
Lompoc,US,1631344808,34.6391,-120.4579,17.82,94,90,0.0
Kingsville,US,1631344809,27.5159,-97.8561,28.79,80,1,0.45
New Norfolk,AU,1631344810,-42.7826,147.0587,14.72,59,32,2.24
Chapais,CA,1631344666,49.7834,-74.8492,5.88,73,100,1.61
Faanui,PF,1631344811,-16.4833,-151.75,25.08,64,95,4.65
East London,ZA,1631344812,-33.0153,27.9116,30.52,35,0,2.06
Atuona,PF,1631344813,-9.8,-139.0333,25.43,71,1,6.73
Porto Torres,IT,1631344814,40.835,8.3972,21.1,74,70,2.32
Charleston,US,1631344536,32.7766,-79.9309,21.68,94,40,0.0
Kapaa,US,1631344815,22.0752,-159.319,23.18,75,1,2.57
Soyo,AO,1631344816,-6.1349,12.3689,24.03,82,98,2.51
Tiksi,RU,1631344817,71.6872,128.8694,13.56,53,95,4.79
Conde,BR,1631344818,-7.2597,-34.9075,21.7,94,20,1.54
Chui,UY,1631344818,-33.6971,-53.4616,12.04,93,74,3.28
Mataura,NZ,1631344820,-46.1927,168.8643,8.04,95,100,0.46
Novi Pazar,RS,1631344821,43.1367,20.5122,20.94,46,76,0.43
Qixingtai,CN,1631344821,30.4135,111.8874,33.38,43,71,1.91
Lumberton,US,1631344822,34.6182,-79.0086,16.05,66,0,2.04
Cabedelo,BR,1631344825,-6.9811,-34.8339,22.37,72,100,6.89
Nelson Bay,AU,1631344711,-32.7167,152.15,26.27,54,0,0.45
Topeka,US,1631344826,39.0483,-95.678,23.77,69,1,1.54
Malbork,PL,1631344827,54.0359,19.0266,21.05,58,11,4.71
Thohoyandou,ZA,1631344828,-22.9456,30.485,16.79,58,14,2.45
Kargil,IN,1631344829,34.5667,76.1,16.79,38,69,3.28
Abhā,SA,1631344830,18.2164,42.5053,27.14,24,0,2.06
Mossamedes,AO,1631344831,-15.1961,12.1522,19.75,81,79,3.48
Quibor,VE,1631344831,9.9287,-69.6201,27.54,77,96,2.34
Husavik,IS,1631344832,66.0449,-17.3389,5.95,92,100,2.73
Dingle,PH,1631344833,10.9995,122.6711,29.67,76,100,3.59
Vegreville,CA,1631344704,53.5001,-112.0518,13.03,62,100,2.06
Bilibino,RU,1631344835,68.0546,166.4372,-3.41,87,97,2.96
Thompson,CA,1631344835,55.7435,-97.8558,9.09,71,90,8.75
Langxiang,CN,1631344836,46.95,128.8833,12.38,84,100,1.49
Souillac,MU,1631344837,-20.5167,57.5167,24.64,69,75,7.2
Khatanga,RU,1631344838,71.9667,102.5,14.54,40,88,7.84
Onalaska,US,1631344839,43.8844,-91.2351,18.92,89,1,3.09
Novopokrovka,UA,1631344840,49.8425,36.5477,23.21,45,9,3.53
Emerald,AU,1631344840,-23.5333,148.1667,27.55,19,0,5.0
Bad Iburg,DE,1631344841,52.1549,8.0422,18.84,89,100,4.92
George Town,MY,1631344594,5.4112,100.3354,25.97,83,20,2.06
Vila Franca do Campo,PT,1631344843,37.7167,-25.4333,20.23,84,98,4.71
Torbay,CA,1631344843,47.6666,-52.7314,20.93,89,75,21.09
Laas,IT,1631344844,46.6166,10.7002,15.57,79,100,0.93
Vestmannaeyjar,IS,1631344845,63.4427,-20.2734,10.49,88,100,2.65
Puerto El Triunfo,SV,1631344846,13.2833,-88.55,24.09,93,100,3.2
Qaanaaq,GL,1631344847,77.484,-69.3632,-8.33,63,22,3.34
Russell,US,1631344696,32.3502,-85.1999,22.6,93,1,0.0
Sitka,US,1631344848,57.0531,-135.33,12.94,88,90,4.63
Butaritari,KI,1631344849,3.0707,172.7902,28.63,75,17,6.93
Cotonou,BJ,1631344824,6.3654,2.4183,24.99,88,20,1.54
Inta,RU,1631344850,66.0317,60.1659,6.14,75,96,5.54
Kautokeino,NO,1631344851,69.0125,23.0412,6.04,66,16,1.9
Nikolskoye,RU,1631344852,59.7035,30.7861,13.94,86,100,2.02
Faya,SA,1631344853,18.3851,42.4509,27.29,19,22,1.64
Hobart,AU,1631344759,-42.8794,147.3294,14.92,60,40,1.79
Forsytheganj,BY,1631344854,52.6333,29.7333,18.97,55,84,1.41
Verkhnyaya Inta,RU,1631344855,65.9811,60.3094,5.61,78,98,5.35
Ranot,TH,1631344856,7.7777,100.3213,30.54,64,100,4.02
Bluff,NZ,1631344857,-46.6,168.3333,8.22,68,100,8.04
Dikson,RU,1631344858,73.5069,80.5464,6.2,90,100,6.0
Camaná,PE,1631344859,-16.6228,-72.7111,15.86,84,100,2.0
Beringovskiy,RU,1631344859,63.05,179.3167,3.92,97,100,8.41
Hilo,US,1631344623,19.7297,-155.09,24.04,88,40,1.54
Lebu,CL,1631344861,-37.6167,-73.65,10.23,92,100,3.36
Longyearbyen,SJ,1631344862,78.2186,15.6401,1.91,69,0,1.54
Puerto Ayora,EC,1631344863,-0.7393,-90.3518,20.31,92,63,3.58
Mayskiy,RU,1631344864,47.6931,40.1025,22.67,27,0,3.76
Macia,MZ,1631344865,-25.0269,33.0989,22.85,45,0,1.91
Punta Arenas,CL,1631344866,-53.15,-70.9167,3.08,77,63,6.05
Verkhnyaya Tura,RU,1631344866,58.3594,59.8175,9.64,45,79,7.3
Ondjiva,AO,1631344867,-17.0667,15.7333,24.02,27,0,6.17
Hong Kong,HK,1631344869,22.2855,114.1577,34.03,73,46,5.03
Palmer,US,1631344869,42.1584,-72.3287,12.72,93,1,0.0
Hasaki,JP,1631344870,35.7333,140.8333,25.16,76,83,3.28
Yaguajay,CU,1631344871,22.3272,-79.2378,24.34,85,90,3.12
Río Gallegos,AR,1631344650,-51.6226,-69.2181,0.03,74,0,4.12
Barrow,US,1631344872,71.2906,-156.7887,3.01,87,90,5.14
Vanimo,PG,1631344873,-2.6741,141.3028,28.9,70,6,4.01
Port Elizabeth,ZA,1631344759,-33.918,25.5701,19.16,63,0,2.06
Dryden,CA,1631344875,49.7833,-92.7503,14.16,94,90,3.09
Phimai,TH,1631344876,15.2232,102.4947,30.46,70,96,5.7
Turochak,RU,1631344877,52.2576,87.1224,15.91,44,100,3.56
Soubre,CI,1631344878,5.7856,-6.6083,21.51,94,98,0.63
Tautira,PF,1631344879,-17.7333,-149.15,23.01,72,96,5.72
Tuatapere,NZ,1631344879,-46.1333,167.6833,8.23,89,95,2.08
Caravelas,BR,1631344880,-17.7125,-39.2481,21.24,94,4,2.35
Vărşag,RO,1631344881,46.5167,25.35,17.06,45,100,0.26
Elizabeth City,US,1631344882,36.2946,-76.2511,20.01,95,1,0.0
Rocha,UY,1631344883,-34.4833,-54.3333,11.44,96,92,3.42
Tuktoyaktuk,CA,1631344884,69.4541,-133.0374,7.95,69,100,8.01
Chokurdakh,RU,1631344885,70.6333,147.9167,4.83,61,100,4.47
Kuril'sk,RU,1631344886,45.2333,147.8833,14.07,88,86,4.94
Yellowknife,CA,1631344799,62.456,-114.3525,7.29,93,20,5.14
Fukuechō,JP,1631344887,32.6881,128.8419,25.2,88,75,2.57
Chicama,PE,1631344888,-7.8447,-79.1469,17.79,84,100,1.98
Bengkulu,ID,1631344889,-3.8004,102.2655,29.13,69,27,5.26
Provideniya,RU,1631344890,64.3833,-173.3,4.39,98,100,5.54
Capão da Canoa,BR,1631344891,-29.7456,-50.0097,15.72,70,80,3.17
Shubarshi,KZ,1631344891,48.5872,57.1869,16.74,70,100,5.54
Laviana,ES,1631344892,43.2333,-5.5333,15.75,76,98,1.64
Kiryat Gat,IL,1631344893,31.61,34.7642,28.38,4,68,4.3
San Diego de la Unión,MX,1631344894,21.4667,-100.8667,13.44,93,99,2.15
Yurimaguas,PE,1631344895,-5.9,-76.0833,21.94,100,100,1.08
Hithadhoo,MV,1631344895,-0.6,73.0833,28.57,69,13,2.2
Constitución,CL,1631344896,-35.3333,-72.4167,11.56,94,100,2.8
Trat,TH,1631344897,12.5,102.5,30.11,97,100,2.05
Örnsköldsvik,SE,1631344898,63.2909,18.7153,11.9,100,90,3.09
Sampang,ID,1631344899,-7.1872,113.2394,31.97,61,100,3.95
Guntakal,IN,1631344900,15.1667,77.3833,28.97,59,100,8.4
Bambous Virieux,MU,1631344901,-20.3428,57.7575,24.56,69,75,7.2
Port Alfred,ZA,1631344901,-33.5906,26.891,24.47,53,1,0.29
Gizo Government Station,SB,1631344902,-8.103,156.8419,27.99,78,65,4.63
Lüderitz,NA,1631344903,-26.6481,15.1594,16.26,64,0,5.09
Albany,US,1631344904,42.6001,-73.9662,12.39,93,2,1.62
Ouadda,CF,1631344904,8.0777,22.4007,21.47,94,100,0.31
Höganäs,SE,1631344905,56.1997,12.558,18.22,93,100,3.35
Mar del Plata,AR,1631344906,-38.0023,-57.5575,10.01,100,90,2.06
Samfya,ZM,1631344907,-11.3649,29.5565,21.02,46,0,7.36
Tupanciretã,BR,1631344908,-29.0806,-53.8358,8.01,90,0,0.85
Saint-Philippe,RE,1631344908,-21.3585,55.7679,25.75,77,35,5.54
Prince Rupert,CA,1631344909,54.3161,-130.3201,13.05,84,90,4.12
Camaçari,BR,1631344910,-12.6975,-38.3242,20.87,90,32,1.37
Tasiilaq,GL,1631344911,65.6145,-37.6368,0.09,42,7,2.92
Saint-Augustin,CA,1631344912,51.226,-58.6502,15.38,98,100,3.95
Saskylakh,RU,1631344913,71.9167,114.0833,19.0,51,43,5.37
Darnah,LY,1631344913,32.767,22.6367,27.27,43,0,1.9
Sirte,LY,1631344914,31.2089,16.5887,32.39,34,5,9.16
Otane,NZ,1631344915,-39.8833,176.6333,9.45,72,0,1.66
Skibbereen,IE,1631344916,51.55,-9.2667,12.89,83,100,3.47
Córdoba,AR,1631344734,-31.4135,-64.1811,13.57,71,0,6.17
Mattawa,US,1631344918,46.7379,-119.9028,17.29,86,100,1.66
Tabas,IR,1631344918,33.5959,56.9244,31.36,13,0,1.17
Mahébourg,MU,1631344920,-20.4081,57.7,24.58,69,75,7.2
Cayenne,GF,1631344921,4.9333,-52.3333,26.16,84,0,0.0
Nouadhibou,MR,1631344921,20.931,-17.0347,23.25,90,100,0.95
Aliaga,PH,1631344922,15.5167,120.8667,25.45,94,100,3.95
Padang,ID,1631344923,-0.9492,100.3543,31.03,72,99,2.65
Mount Gambier,AU,1631344924,-37.8333,140.7667,13.95,72,75,7.72
Clyde River,CA,1631344925,70.4692,-68.5914,-0.35,76,91,2.49
Saint Paul Harbor,US,1631344926,57.79,-152.4072,9.42,78,28,3.03
Gucheng,CN,1631344927,35.9115,111.3192,33.34,27,0,4.56
Severo-Kuril'sk,RU,1631344928,50.6789,156.125,8.73,59,59,7.19
Garoowe,SO,1631344929,8.4054,48.4845,30.94,35,72,12.12
Alta Floresta,BR,1631344930,-9.8756,-56.0861,22.46,77,5,1.22
Amapá,BR,1631344930,1.0,-52.0,20.18,99,30,0.73
Korla,CN,1631344931,41.7597,86.1469,30.02,15,100,2.64
Dumas,US,1631344932,35.8656,-101.9732,26.68,24,1,7.2
Ziro,IN,1631344752,27.6333,93.8333,24.41,47,58,1.92
Teahupoo,PF,1631344934,-17.8333,-149.2667,19.98,71,80,5.66
Charagua,BO,1631344935,-19.8,-63.2167,16.55,36,99,0.68
Bacolod City,PH,1631344935,10.6667,122.95,29.55,75,98,4.28
Turukhansk,RU,1631344936,65.8167,87.9833,10.68,71,88,7.45
Te Anau,NZ,1631344937,-45.4167,167.7167,3.42,93,100,1.49
San Patricio,US,1631344938,28.017,-97.5169,28.8,60,0,3.1
Sai Buri,TH,1631344939,6.7013,101.6168,30.52,61,100,5.07
Talnakh,RU,1631344941,69.4865,88.3972,5.36,96,100,7.48
Avarua,CK,1631344942,-21.2078,-159.775,23.03,88,40,2.06
Carutapera,BR,1631344943,-1.195,-46.02,25.17,80,15,3.42
Port Hardy,CA,1631344944,50.6996,-127.4199,12.1,94,90,0.0
Lakes Entrance,AU,1631344945,-37.8811,147.981,23.65,38,30,4.17
Petropavlovsk-Kamchatskiy,RU,1631344920,53.0452,158.6483,11.33,35,40,4.0
Olavarría,AR,1631344946,-36.8927,-60.3225,7.2,97,93,3.18
Itarema,BR,1631344947,-2.9248,-39.9167,25.44,87,31,6.38
Visnes,NO,1631344948,59.3556,5.2242,16.99,94,90,4.12
Olafsvik,IS,1631344949,64.8945,-23.7142,9.81,83,100,3.49
Airai,TL,1631344950,-8.9266,125.4092,20.77,66,99,1.33
Dovers,VC,1631344951,12.8833,-61.1833,27.6,75,100,6.54
Upernavik,GL,1631344952,72.7868,-56.1549,-4.12,56,42,2.92
Charter Township of Clinton,US,1631344952,42.587,-82.9199,19.05,84,20,3.6
Ust'-Kut,RU,1631344953,56.7938,105.7672,9.23,83,100,1.67
Fortuna,US,1631344954,40.5982,-124.1573,12.96,74,1,0.0
Vardø,NO,1631344955,70.3705,31.1107,6.97,71,74,7.75
Sur,OM,1631344956,22.5667,59.5289,35.76,42,22,1.85
Takhli,TH,1631344957,15.2634,100.3438,29.23,72,90,3.31
Kargasok,RU,1631344957,59.0556,80.8572,9.25,97,100,2.86
Gondanglegi,ID,1631344958,-7.7479,112.0132,30.09,57,91,7.17
Cap Malheureux,MU,1631344959,-19.9842,57.6142,24.7,67,0,5.81
Kruisfontein,ZA,1631344960,-34.0033,24.7314,22.67,43,7,0.52
Santiago del Estero,AR,1631344961,-27.7951,-64.2615,12.11,41,0,3.71
Kloulklubed,PW,1631344962,7.0419,134.2556,25.28,71,100,3.85
Mitsamiouli,KM,1631344963,-11.3847,43.2844,30.16,54,40,4.12
Easton,US,1631344964,40.6884,-75.2207,14.16,91,1,0.0
Naze,JP,1631344965,28.3667,129.4833,29.51,75,100,3.88
Linhares,BR,1631344966,-19.3911,-40.0722,20.22,95,21,1.14
Port Lincoln,AU,1631344966,-34.7333,135.8667,14.67,68,98,9.08
Tual,ID,1631344967,-5.6667,132.75,26.84,80,18,5.35
Barentu,ER,1631344969,15.1139,37.5928,25.14,64,12,2.03
Saint-Pierre,RE,1631344970,-21.3393,55.4781,25.8,69,0,11.83
Nebolchi,RU,1631344971,59.1239,33.3454,12.7,87,100,2.25
Cidreira,BR,1631344972,-30.1811,-50.2056,15.5,72,100,4.29
Kenmare,IE,1631344973,51.8833,-9.5833,12.19,93,100,1.16
Ancud,CL,1631344974,-41.8697,-73.8203,9.74,97,100,4.37
Alofi,NU,1631344976,-19.0595,-169.9187,22.94,100,95,1.54
Karratha,AU,1631344977,-20.7377,116.8463,28.49,37,0,7.59
Tianpeng,CN,1631344978,30.9866,103.9393,25.26,57,62,2.37
Lagoa,PT,1631344979,39.05,-27.9833,20.52,74,46,8.68
Muros,ES,1631344980,42.7762,-9.0603,17.77,96,100,2.64
Armeniş,RO,1631344981,45.2,22.3167,21.35,37,0,0.83
Hermanus,ZA,1631344982,-34.4187,19.2345,12.72,62,100,1.95
Saint George,US,1631344696,37.1041,-113.5841,31.33,32,1,0.45
Kaitangata,NZ,1631344983,-46.2817,169.8464,6.36,88,98,2.25
Grand Forks,US,1631344984,47.9417,-97.4337,16.85,67,1,6.17
Sines Municipality,PT,1631344839,37.9562,-8.8698,19.6,90,100,0.64
Sarkand,KZ,1631344985,45.41,79.9186,22.64,18,0,3.24
Dhidhdhoo,MV,1631344986,6.8833,73.1,28.15,71,100,5.22
Ust-Maya,RU,1631344987,60.4167,134.5333,17.43,33,88,2.06
San Quintín,MX,1631344988,30.4833,-115.95,22.24,86,2,4.99
Uryupinsk,RU,1631344989,50.8047,42.0138,20.2,58,100,2.43
Arraial do Cabo,BR,1631344989,-22.9661,-42.0278,21.46,94,100,4.93
Srednekolymsk,RU,1631344990,67.45,153.6833,3.77,51,23,2.79
Río Cuarto,AR,1631344991,-33.1307,-64.3499,6.57,60,100,6.96
Carnarvon,AU,1631344992,-24.8667,113.6333,22.04,43,0,11.32
Atambua,ID,1631344993,-9.1061,124.8925,28.14,56,82,0.77
Samarai,PG,1631344994,-10.6167,150.6667,26.07,86,100,7.45
Moerai,PF,1631344995,-22.4333,-151.3333,21.87,59,0,4.61
Mozarlândia,BR,1631344996,-14.7447,-50.5706,26.32,28,0,1.52
Bethel,US,1631344997,41.3712,-73.414,13.91,87,1,1.54
Green River,US,1631344747,41.5286,-109.4662,15.22,42,40,2.78
Dwārka,IN,1631344999,22.2394,68.9678,29.11,78,100,5.32
Daru,PG,1631345000,-9.0763,143.2092,25.9,90,100,7.12
Manacor,ES,1631345000,39.5696,3.2096,25.28,63,22,3.25
Borogontsy,RU,1631345001,62.6683,131.1683,16.37,31,100,1.12
Cercal,PT,1631345003,37.806,-8.6715,18.74,83,98,0.34
Henties Bay,NA,1631345003,-22.116,14.2845,16.01,67,4,1.88
Horadiz,AZ,1631345004,39.4488,47.3353,25.43,36,0,2.68
Cabo San Lucas,MX,1631345005,22.8909,-109.9124,26.4,89,61,3.58
Okitipupa,NG,1631345006,6.5047,4.7839,22.88,98,100,1.48
Ribeira Grande,PT,1631345007,38.5167,-28.7,20.22,77,40,4.63
Doha,QA,1631344807,25.2867,51.5333,38.17,40,0,3.09
Narsaq,GL,1631345008,60.9167,-46.05,6.12,84,100,2.11
Luwuk,ID,1631345009,-0.9516,122.7875,27.24,86,100,1.34
La Palma del Condado,ES,1631345010,37.3861,-6.5523,21.91,59,100,2.01
Nkhata Bay,MW,1631345011,-11.6066,34.2907,23.51,55,18,4.86
Broken Hill,AU,1631345012,-31.95,141.4333,28.84,6,0,6.17
Alice Springs,AU,1631345012,-23.7,133.8833,29.75,8,0,3.6
Peniche,PT,1631345013,39.3558,-9.3811,20.16,93,100,2.06
Belaya Gora,RU,1631345014,68.5333,146.4167,6.2,55,100,3.08
Ponta do Sol,PT,1631345015,32.6667,-17.1,22.62,77,12,1.64
Magadan,RU,1631344844,59.5667,150.8,8.86,43,6,5.14
Kembé,CF,1631345016,4.6228,21.8865,23.6,77,88,0.69
Acapulco de Juárez,MX,1631345018,16.8634,-99.8901,25.61,90,95,2.11
San Cristobal,VE,1631345019,7.7669,-72.225,19.04,99,100,2.15
São João da Barra,BR,1631344914,-21.6403,-41.0511,22.29,92,100,2.15
Dakar,SN,1631344998,14.6937,-17.4441,26.07,89,40,6.17
Key West,US,1631344956,24.5557,-81.7826,30.0,68,20,2.57
Beloha,MG,1631345023,-25.1667,45.05,22.92,43,37,8.98
Yar-Sale,RU,1631345023,66.8333,70.8333,9.53,63,100,4.07
Muroto-misakicho,JP,1631345024,33.2833,134.15,27.02,77,100,0.5
Solnechnyy,RU,1631345025,50.7214,136.6319,9.27,95,100,3.32
Fort Frances,CA,1631344732,48.5999,-93.4003,17.12,75,20,3.13
Buraidah,SA,1631345027,26.326,43.975,34.25,11,13,2.88
Tura,IN,1631345028,25.5198,90.2201,30.52,68,100,1.59
Berlevåg,NO,1631345029,70.8578,29.0864,6.58,74,83,7.25
Neiafu,TO,1631345030,-18.65,-173.9833,24.98,77,96,3.36
Garoua Boulaï,CM,1631345030,5.8833,14.55,19.83,89,100,1.94
Hay River,CA,1631345032,60.8156,-115.7999,6.99,87,40,3.09
Mopipi,BW,1631345033,-21.1833,24.8833,18.8,40,0,7.96
Meadow Lake,US,1631345034,34.8014,-106.5436,25.09,27,0,3.36
Camacha,PT,1631345034,33.0833,-16.3333,20.68,88,40,0.0
São Filipe,CV,1631345036,14.8961,-24.4956,25.34,79,52,0.72
Antalaha,MG,1631345037,-14.9003,50.2788,24.1,65,68,6.13
Chaman,PK,1631345037,30.9236,66.4512,29.76,14,0,2.97
Bahía Blanca,AR,1631345038,-38.7196,-62.2724,10.09,85,16,3.45
Nome,US,1631345039,64.5011,-165.4064,8.04,72,40,5.66
Castro,BR,1631345041,-24.7911,-50.0119,12.11,61,99,1.79
Douentza,ML,1631345041,14.9951,-2.9517,27.59,62,100,3.01
Portland,US,1631344804,45.5234,-122.6762,17.49,78,75,0.89
Kathmandu,NP,1631344324,27.7167,85.3167,29.12,58,75,2.57
Chulym,RU,1631345044,55.0997,80.9572,14.61,56,95,7.74
Zhongshu,CN,1631345045,24.5167,103.7667,25.89,46,0,2.73
Suez,EG,1631345046,29.9737,32.5263,26.22,57,0,4.43
Vanavara,RU,1631345047,60.34,102.2797,13.75,41,100,1.81
Anadyr,RU,1631345048,64.75,177.4833,0.28,100,75,6.0
Abu Dhabi,AE,1631345049,24.4667,54.3667,38.06,53,3,3.09
Shīeli,KZ,1631345050,44.1667,66.75,24.36,16,0,4.02
Bukama,CD,1631345051,-9.2,25.85,29.54,24,35,4.05
Murakami,JP,1631345051,38.2333,139.4833,25.06,68,12,2.33
Saint-François,FR,1631345052,46.4154,3.9054,17.49,88,90,1.54
Najrān,SA,1631345053,17.4924,44.1277,33.36,12,25,2.8
Guerrero Negro,MX,1631345054,27.9769,-114.0611,23.06,82,57,4.77
Mahrīz,IR,1631345055,31.5917,54.4318,30.28,14,0,2.11
Meulaboh,ID,1631345056,4.1363,96.1285,29.48,67,99,3.11
Mizhou,CN,1631345057,35.9947,119.3975,30.47,58,0,3.07
Sept-Îles,CA,1631345057,50.2001,-66.3821,13.36,83,75,2.68
Isangel,VU,1631345058,-19.55,169.2667,20.93,68,28,5.85
Ambovombe,MG,1631345060,-25.1667,46.0833,21.9,49,0,8.7
Houma,US,1631345061,29.5958,-90.7195,21.12,89,0,2.32
Honningsvåg,NO,1631345062,70.9821,25.9704,6.94,64,99,6.44
Cravinhos,BR,1631345063,-21.3403,-47.7294,19.4,70,100,1.68
Princeton,US,1631344862,25.5384,-80.4089,26.1,89,40,0.0
La Ronge,CA,1631345064,55.1001,-105.2842,8.14,71,1,2.57
Karaton,ID,1631345066,-6.3424,106.1045,31.09,61,91,1.44
Yalutorovsk,RU,1631345066,56.6536,66.3006,5.1,92,100,6.36
Udachny,RU,1631345067,66.4167,112.4,16.3,54,100,4.9
Hervey Bay,AU,1631345068,-25.2986,152.8535,21.69,64,0,5.1
Hailar,CN,1631345070,49.2,119.7,11.57,79,96,2.34
Xushan,CN,1631345072,30.1764,121.2457,29.96,81,21,5.74
Dogondoutchi,NE,1631345073,13.6393,4.0287,27.1,74,0,4.62
Szamotuły,PL,1631345074,52.612,16.5779,20.73,77,100,3.52
Mahesāna,IN,1631345075,23.6,72.4,28.75,72,92,4.75
Mokhsogollokh,RU,1631345076,61.4681,128.9203,17.58,29,92,1.89
Fairbanks,US,1631345076,64.8378,-147.7164,12.0,79,90,5.14
Sangar,RU,1631345077,63.9242,127.4739,13.89,43,94,1.26
Melfi,IT,1631345078,40.9965,15.6514,21.33,62,100,1.43
Puerto Escondido,MX,1631345079,15.85,-97.0667,24.86,91,100,2.01
Toora-Khem,RU,1631345080,52.4675,96.11,16.76,28,10,1.26
Tilichiki,RU,1631345081,60.4667,166.1,2.99,75,100,9.81
Partūr,IN,1631345081,19.6,76.2167,28.3,67,98,5.98
Hamilton,US,1631345053,39.1834,-84.5333,17.42,87,1,0.0
Nālūt,LY,1631345083,30.3333,10.85,30.73,20,38,4.76
Lesosibirsk,RU,1631345084,58.2358,92.4828,15.99,47,100,3.84
Hambantota,LK,1631345084,6.1241,81.1185,32.19,70,75,6.69
Coquimbo,CL,1631345085,-29.9533,-71.3436,12.85,82,90,1.03
Shingū,JP,1631345086,33.7333,135.9833,28.55,88,100,1.1
Talaya,RU,1631345087,61.3833,152.75,1.27,57,100,6.05
Imbituba,BR,1631345089,-28.24,-48.6703,16.94,88,58,1.79
Nizwá,OM,1631345090,22.9333,57.5333,36.59,29,38,2.9
Krabi,TH,1631345091,8.0726,98.9105,29.06,83,75,3.09
Kristinestad,FI,1631345091,62.2743,21.376,11.9,97,100,0.59
Ola,RU,1631345092,59.5833,151.2833,9.28,43,9,4.94
Paka,MY,1631345093,4.6374,103.4368,29.96,66,40,2.06
Gouyave,GD,1631345094,12.1646,-61.7296,25.43,89,20,3.09
Asău,RO,1631345095,46.4333,26.4,18.75,34,100,0.53
Luancheng,CN,1631345095,37.8792,114.6517,32.09,53,0,2.4
Acajutla,SV,1631345096,13.5928,-89.8275,24.89,87,100,4.07
Pokhara,NP,1631344876,28.2333,83.9833,25.73,75,100,0.45
Ajmer,IN,1631345098,26.45,74.6333,28.0,73,100,5.24
Sheridan,US,1631345099,44.8333,-106.9173,23.1,42,1,3.09
Havre-St-Pierre,CA,1631345100,50.2334,-63.5986,12.2,94,1,6.17
Lusaka,ZM,1631345101,-15.4067,28.2871,15.57,66,100,5.54
Norman Wells,CA,1631345102,65.282,-126.8329,13.02,62,75,6.17
Marsá Maţrūḩ,EG,1631345102,31.3525,27.2453,27.11,61,40,4.63
Bereket,TM,1631345104,39.2446,55.5154,28.77,15,0,6.97
Salalah,OM,1631345105,17.0151,54.0924,29.05,84,90,3.09
Kavieng,PG,1631344991,-2.5744,150.7967,28.98,70,6,5.87
Klaksvík,FO,1631345106,62.2266,-6.589,10.51,76,90,1.9
Latung,PH,1631345107,5.5,120.8833,28.61,75,52,3.61
Angoche,MZ,1631345108,-16.2325,39.9086,26.18,63,32,4.81
Kralendijk,BQ,1631345109,12.15,-68.2667,27.99,83,20,6.17
Praia da Vitória,PT,1631345110,38.7333,-27.0667,19.31,94,40,7.7
Salekhard,RU,1631345110,66.53,66.6019,5.85,87,100,3.44
Marzuq,YE,1631345111,14.4,46.4667,32.38,28,9,2.12
Obihiro,JP,1631345112,42.9172,143.2044,16.67,91,96,3.61
Rincon,US,1631345113,32.296,-81.2354,23.25,96,1,0.0
Tiznit Province,MA,1631345113,29.5833,-9.5,25.05,24,0,0.93
Talara,PE,1631345114,-4.5772,-81.2719,18.93,85,82,4.88
Labuhan,ID,1631345115,-6.8844,112.2051,29.86,63,100,5.08
Bangkalan,ID,1631345116,-7.0455,112.7351,31.97,62,100,5.02
Carnwath,GB,1631345116,55.7004,-3.6258,14.69,98,100,2.98
Pangnirtung,CA,1631345117,66.1451,-65.7125,0.95,63,96,1.64
Visby,SE,1631345118,57.6409,18.296,18.81,77,0,2.57
Zhigansk,RU,1631345119,66.7697,123.3711,13.81,40,70,5.24
Svarstad,NO,1631345120,59.399,9.9698,18.23,92,100,0.44
Lampazos de Naranjo,MX,1631345121,27.0167,-100.5167,24.46,74,0,3.24
Atar,MR,1631345122,20.5169,-13.0499,31.82,44,99,2.7
Leningradskiy,RU,1631345123,69.3833,178.4167,-1.78,89,100,4.9
Iqaluit,CA,1631345124,63.7506,-68.5145,1.85,69,90,2.06
Santa Maria,BR,1631345125,-29.6842,-53.8069,11.05,84,14,0.81
Itacoatiara,BR,1631345126,-3.1431,-58.4442,23.59,81,5,1.02
São Brás de Alportel,PT,1631345126,37.1531,-7.8875,19.38,83,0,2.57
Black River,JM,1631345127,18.0264,-77.8487,26.0,85,42,1.83
Bakchar,RU,1631345129,57.0186,82.0711,12.66,82,95,4.93
Moscow,RU,1631344350,55.7522,37.6156,15.13,71,83,2.47
Kahului,US,1631345131,20.8947,-156.47,25.01,76,1,3.09
Varkaus,FI,1631345132,62.3153,27.873,10.17,95,100,1.59
Lorengau,PG,1631345132,-2.0226,147.2712,27.99,78,99,4.52
Perth,AU,1631345134,-31.9333,115.8333,19.0,46,40,6.17
Luanda,AO,1631345135,-8.8368,13.2343,23.0,83,75,1.03
Pevek,RU,1631345136,69.7008,170.3133,-1.3,77,44,7.89
Tokoroa,NZ,1631345137,-38.2333,175.8667,10.64,76,42,1.75
São Francisco de Assis,BR,1631345138,-29.5503,-55.1311,11.02,83,6,1.13
Leshukonskoye,RU,1631345139,64.8989,45.7622,5.9,94,100,3.22
Ţahţā,EG,1631345140,26.7693,31.5021,28.18,41,0,7.7
Westport,US,1631345141,41.1415,-73.3579,17.64,81,1,0.89
Eirunepé,BR,1631345141,-6.6603,-69.8736,20.74,100,78,1.0
Nong Phai,TH,1631345142,15.9903,101.0618,28.55,80,69,3.65
Devonport,AU,1631345143,-41.1667,146.35,12.83,76,45,6.93
Cherskiy,RU,1631345144,68.75,161.3,2.09,61,55,4.84
Slantsy,RU,1631345145,59.1182,28.0914,18.09,69,14,2.93
Keuruu,FI,1631345145,62.2667,24.7,11.56,97,100,1.11
Santo Antônio do Içá,BR,1631345146,-3.1022,-67.9397,21.7,99,100,0.84
Bandarbeyla,SO,1631345147,9.4942,50.8122,32.17,41,71,13.2
Mazyr,BY,1631345148,52.0495,29.2456,19.09,52,100,1.14
Cabra,ES,1631345149,37.4725,-4.4421,25.22,58,56,1.13
Abnūb,EG,1631345150,27.2696,31.1511,26.12,42,0,7.07
Catalão,BR,1631345151,-18.1658,-47.9464,21.06,63,51,1.57
Penzance,GB,1631345152,50.1186,-5.5371,15.62,88,20,3.6
Grahamstown,ZA,1631345153,-33.3042,26.5328,28.77,23,0,7.98
Lubao,PH,1631345154,14.9167,120.55,30.01,90,100,4.23
Taltal,CL,1631344888,-25.4,-70.4833,13.66,76,14,1.13
Oistins,BB,1631345155,13.0667,-59.5333,28.05,78,40,6.17
Machalí,CL,1631345156,-34.1833,-70.6667,12.07,75,100,0.6
Mayya,RU,1631345157,61.7333,130.2811,17.62,27,91,1.44
Vaitape,PF,1631345158,-16.5167,-151.75,25.07,64,93,4.66
Opelousas,US,1631345159,30.5335,-92.0815,19.37,94,0,0.0
Grójec,PL,1631345160,51.8625,20.8676,19.71,60,73,3.42
Kasongo-Lunda,CD,1631345160,-6.4667,16.8167,27.18,61,99,0.76
Sistranda,NO,1631345162,63.7256,8.834,12.72,87,100,6.39
Taksimo,RU,1631344988,56.3444,114.8794,16.48,66,100,0.56
Sittwe,MM,1631345164,20.15,92.9,28.46,79,98,9.4
Tokmak,UA,1631345165,47.2514,35.7058,24.81,27,31,4.03
Port Macquarie,AU,1631345163,-31.4333,152.9167,21.98,59,0,5.24
Rawson,AR,1631345166,-43.3002,-65.1023,14.78,60,100,12.51
Hayrabolu,TR,1631345167,41.2131,27.1069,21.7,44,0,2.69
Buluang,PH,1631345168,13.3068,123.3425,28.21,84,100,3.14
Sucúa,EC,1631345168,-2.4667,-78.1667,19.25,96,100,1.28
Tuy Hoa,VN,1631345169,13.0833,109.3,28.48,73,100,9.31
Santa Rosa,PH,1631345170,14.3122,121.1114,29.99,80,100,3.58
Novaya Igirma,RU,1631345171,57.1334,103.9112,15.51,42,100,1.0
São Félix do Xingu,BR,1631345172,-6.6447,-51.995,24.7,58,61,0.54
Krasnosel'kup,RU,1631345172,65.7,82.4667,7.36,88,100,4.18
Richards Bay,ZA,1631345173,-28.783,32.0377,21.08,56,0,8.35
Fort Nelson,CA,1631345174,58.8053,-122.7002,12.77,82,90,2.57
Mahibadhoo,MV,1631345175,3.7833,72.9667,28.46,69,100,4.55
Carauari,BR,1631345176,-4.8828,-66.8958,22.07,99,100,1.1
Grand-Santi,GF,1631345176,4.25,-54.3833,21.62,100,39,0.99
Ballina,AU,1631345179,-28.8667,153.5667,24.1,70,0,5.66
Haining,CN,1631345180,30.5363,120.6864,27.01,81,8,6.22
Kiunga,PG,1631345181,-6.1219,141.2906,27.97,81,88,1.24
Nuuk,GL,1631345181,64.1835,-51.7216,4.34,70,75,5.66
Muhafazat Lahij,YE,1631345182,13.1667,44.5833,33.93,46,9,3.3
Turaif,SA,1631345183,31.6725,38.6637,24.14,60,0,5.14
Jacqueville,CI,1631345184,5.2052,-4.4146,24.95,90,97,2.53
Raudeberg,NO,1631345185,61.9875,5.1352,13.37,97,100,6.6
George Town,MY,1631345185,5.4112,100.3354,25.97,83,20,2.06
Marabá,BR,1631345186,-5.3686,-49.1178,25.1,100,0,1.54
Pisco,PE,1631345094,-13.7,-76.2167,15.57,88,90,1.54
Ürümqi,CN,1631345188,43.801,87.6005,21.53,38,0,2.0
Kinablangan,PH,1631345188,7.6947,126.5503,28.2,79,100,2.85
Rairangpur,IN,1631345189,22.2676,86.1751,30.25,91,100,3.03
Bubaque,GW,1631345190,11.2833,-15.8333,25.59,82,100,5.66
High Level,CA,1631345191,58.5169,-117.136,10.06,87,90,3.09
Smithers,CA,1631345192,54.7804,-127.1743,9.18,100,75,1.03
Bilma,NE,1631345193,18.6853,12.9164,33.85,17,94,2.86
Erenhot,CN,1631345194,43.6475,111.9767,24.59,25,33,6.12
Ulladulla,AU,1631345195,-35.35,150.4667,25.5,45,0,5.05
Collie,AU,1631345196,-33.3667,116.15,14.43,49,21,3.63
Provincia di Ancona,IT,1631345197,43.55,13.1667,22.69,63,20,1.54
Dobra,RO,1631345198,44.7833,25.7167,21.94,28,77,0.08
Coyhaique,CL,1631345199,-45.5752,-72.0662,4.97,87,75,2.57
Saldanha,ZA,1631345200,-33.0117,17.9442,13.03,83,100,5.41
Sinnamary,GF,1631345201,5.3833,-52.95,25.22,85,25,4.21
Saint-Joseph,RE,1631345201,-21.3667,55.6167,25.2,72,16,6.13
Big Spring,US,1631345202,32.2504,-101.4787,25.25,41,1,5.56
Corrente,BR,1631345203,-3.7367,-43.3394,20.87,99,50,0.83
Bonnyville,CA,1631345205,54.2668,-110.735,10.62,80,100,3.27
Kamiiso,JP,1631345205,41.8167,140.65,23.21,78,75,6.17
Lac du Bonnet,CA,1631345206,50.2536,-96.0612,12.17,89,2,4.33
Mahon,ES,1631345207,39.8885,4.2658,23.31,78,20,2.06
La Primavera,CO,1631345208,5.4906,-70.4092,24.0,92,100,1.81
Santa Isabel Rio Negro,BR,1631345209,-0.4139,-65.0192,21.8,100,98,0.92
Chennai,IN,1631345032,13.0878,80.2785,34.99,52,40,4.12
Rzhishchëv,UA,1631345210,49.9689,31.0463,22.54,44,95,2.09
Barcelona,ES,1631345211,41.3888,2.159,24.74,78,0,1.79
Keti Bandar,PK,1631345211,24.1447,67.4497,29.25,75,99,7.29
Bathsheba,BB,1631345212,13.2167,-59.5167,28.34,88,40,6.17
Robertsport,LR,1631345213,6.7533,-11.3686,23.75,91,100,2.38
Havelock,US,1631345214,34.8791,-76.9013,21.08,91,0,1.92
Roebourne,AU,1631345215,-20.7833,117.1333,29.79,29,0,7.66
Kaeo,NZ,1631345215,-35.1,173.7833,12.4,79,100,2.34
Neuquén,AR,1631345189,-38.9516,-68.0591,16.15,39,100,6.71
Matara,LK,1631345217,5.9485,80.5353,29.75,67,100,5.77
Ambon City,ID,1631345218,-3.6954,128.1814,27.08,89,40,2.57
Cockburn Town,TC,1631345026,21.4612,-71.1419,28.79,73,100,6.43
Bonfim,BR,1631345219,3.0833,-59.95,25.03,76,100,2.06
Port Hedland,AU,1631345221,-20.3167,118.5667,30.03,37,0,8.23
Irbit,RU,1631345221,57.6705,63.071,9.28,55,100,6.48
Kumul,CN,1631345222,42.8,93.45,29.19,19,100,4.18
Chapleau,CA,1631345223,47.8405,-83.4034,13.14,83,100,4.66
Hōfu,JP,1631345224,34.05,131.5667,26.95,83,100,2.78
Kayerkan,RU,1631345225,69.3497,87.7602,5.31,94,100,6.05
Zaria,NG,1631345226,11.1113,7.7227,23.02,86,100,1.83
Bayanday,RU,1631345226,53.0661,105.5139,9.12,69,100,1.95
Vernon,CA,1631345227,50.2581,-119.2691,18.34,71,99,2.06
Stubbekøbing,DK,1631345229,54.8887,12.041,18.34,92,100,4.59
Nichinan,JP,1631345230,31.6,131.3667,26.53,83,100,1.31
Umm Kaddadah,SD,1631345111,13.6017,26.6876,28.7,58,64,3.21
Ponta Delgada,PT,1631345231,37.7333,-25.6667,20.4,77,40,6.69
Homer,US,1631345233,59.6425,-151.5483,12.11,84,1,0.0
Togur,RU,1631345233,58.3631,82.8265,10.06,89,100,5.86
Imeni Poliny Osipenko,RU,1631345234,52.4201,136.4853,9.76,95,100,2.98
Port Hawkesbury,CA,1631345235,45.6169,-61.3485,17.12,96,90,2.24
Turtas,RU,1631345236,58.9417,69.1325,6.08,96,100,3.65
Huicheng,CN,1631345237,23.0385,116.2899,36.97,66,99,3.74
Shimoda,JP,1631345237,34.6667,138.95,30.06,73,71,3.72
Verkhniy Avzyan,RU,1631345238,53.5289,57.5372,9.34,52,43,6.13
Geraldton,AU,1631345239,-28.7667,114.6,20.23,42,4,8.23
Kamakwie,SL,1631345117,9.5,-12.2333,21.76,98,100,0.74
El Carmen,CO,1631345240,8.5106,-73.4478,20.32,95,100,0.97
São Raimundo das Mangabeiras,BR,1631345241,-7.0219,-45.4811,24.73,54,0,2.13
Ahipara,NZ,1631344987,-35.1667,173.1667,12.06,68,100,4.03
Merauke,ID,1631345242,-8.4667,140.3333,26.7,84,100,6.76
Genhe,CN,1631345243,50.7833,121.5167,11.65,68,100,1.41
Cañon City,US,1631345244,38.441,-105.2424,25.28,26,1,3.09
Acaraú,BR,1631345245,-2.8856,-40.12,25.75,85,41,6.4
Valdivia,CL,1631345246,-39.8142,-73.2459,8.05,97,100,0.52
Maridi,SS,1631345247,4.9158,29.4742,25.16,74,22,0.47
Kyabé,TD,1631345247,9.4515,18.9449,24.37,87,100,1.95
Kedrovyy,RU,1631345248,56.1667,91.8167,16.23,39,100,4.11
Horn,DE,1631345249,51.8715,8.9451,18.51,85,66,4.78
College,US,1631345251,64.8569,-147.8028,11.99,79,90,5.14
Kangaatsiaq,GL,1631345252,68.3065,-53.4641,-2.3,58,0,8.35
Kendari,ID,1631345253,-3.945,122.4989,27.0,83,94,2.62
Amur Oblast,RU,1631345254,54.0,128.0,7.99,98,100,1.39
Juegang,CN,1631345254,32.3174,121.1855,27.27,82,28,6.34
Lavrentiya,RU,1631345255,65.5833,-171.0,4.52,97,100,3.95
Xingyi,CN,1631345256,24.1877,102.817,26.01,41,0,1.98
Mahanje,TZ,1631345257,-9.9333,35.3333,22.59,43,10,3.53
Negombo,LK,1631345258,7.2083,79.8358,28.83,72,96,6.34
Urusha,RU,1631345260,54.05,122.9,10.14,92,100,2.12
Fare,PF,1631345262,-16.7,-151.0167,25.05,63,19,3.88
Arona,ES,1631345264,28.0996,-16.681,20.46,79,20,1.54
Deputatsky,RU,1631345264,69.3,139.9,7.36,56,100,0.96
Coahuayana Viejo,MX,1631345265,18.7333,-103.6833,25.79,92,100,1.35
Karasjok,NO,1631345266,69.4719,25.5112,6.06,65,99,2.34
Arrondissement de Dinan,FR,1631345268,48.4167,-2.25,14.56,78,49,2.05
Pio XII,BR,1631345268,-3.8325,-45.1525,21.97,95,5,1.05
Sawākin,SD,1631345269,19.1059,37.3321,36.39,42,29,3.92
Al Bardīyah,LY,1631345270,31.7561,25.0865,25.35,59,0,4.01
São José da Coroa Grande,BR,1631345271,-8.8978,-35.1478,24.39,71,100,4.95
Myitkyina,MM,1631345272,25.3833,97.4,37.37,38,2,1.2
Vao,NC,1631345273,-22.6667,167.4833,19.78,60,2,6.31
Cortez,US,1631345273,37.3489,-108.5859,20.23,51,1,3.09
Tehachapi,US,1631345055,35.1322,-118.449,24.68,48,0,2.24
Preobrazheniye,RU,1631345275,42.9019,133.9064,22.16,68,11,3.75
Valréas,FR,1631345276,44.3837,4.9908,20.51,65,0,2.84
Baykit,RU,1631345277,61.67,96.37,12.36,47,99,2.89
Ugoofaaru,MV,1631345278,5.6667,73.0,28.15,71,74,4.85
Bien Hoa,VN,1631345279,10.95,106.8167,31.99,78,100,6.42
Seoul,KR,1631345006,37.5683,126.9778,29.66,52,20,5.14
Pemangkat,ID,1631345281,1.1667,108.9667,30.53,62,99,2.69
Lázaro Cárdenas,MX,1631345283,17.9583,-102.2,26.25,88,100,2.36
